long_hair,0
breasts,1
blush,2
smile,3
looking_at_viewer,4
short_hair,5
blue_eyes,6
open_mouth,7
skirt,8
thighhighs,9
large_breasts,10
blonde_hair,11
red_eyes,12
brown_hair,13
hat,14
ribbon,15
underwear,16
simple_background,17
dress,18
gloves,19
black_hair,20
hair_ornament,21
panties,22
navel,23
bow,24
twintails,25
brown_eyes,26
cleavage,27
medium_breasts,28
white_background,29
school_uniform,30
sitting,31
animal_ears,32
green_eyes,33
very_long_hair,34
bare_shoulders,35
nipples,36
blue_hair,37
shirt,38
black_legwear,39
jewelry,40
weapon,41
swimsuit,42
hair_ribbon,43
long_sleeves,44
purple_eyes,45
bangs,46
tail,47
ass,48
purple_hair,49
flower,50
yellow_eyes,51
pink_hair,52
wings,53
hair_bow,54
boots,55
silver_hair,56
full_body,57
pantyhose,58
ponytail,59
detached_sleeves,60
bikini,61
green_hair,62
barefoot,63
hairband,64
braid,65
lying,66
nude,67
collarbone,68
monochrome,69
standing,70
serafuku,71
japanese_clothes,72
red_hair,73
ahoge,74
midriff,75
holding,76
shoes,77
upper_body,78
heart,79
striped,80
elbow_gloves,81
one_eye_closed,82
looking_back,83
food,84
small_breasts,85
white_legwear,86
pleated_skirt,87
frills,88
:d,89
glasses,90
necktie,91
pussy,92
open_clothes,93
sword,94
sky,95
short_sleeves,96
cowboy_shot,97
white_hair,98
closed_eyes,99
cat_ears,100
alternate_costume,101
white_panties,102
pointy_ears,103
earrings,104
eyebrows_visible_through_hair,105
fang,106
jacket,107
tears,108
sketch,109
flat_chest,110
shorts,111
sweat,112
hair_between_eyes,113
aqua_eyes,114
zettai_ryouiki,115
thighs,116
day,117
choker,118
pink_eyes,119
covered_nipples,120
armpits,121
huge_breasts,122
belt,123
socks,124
cloud,125
bra,126
fingerless_gloves,127
hairclip,128
puffy_sleeves,129
water,130
censored,131
feet,132
hair_flower,133
tongue,134
spread_legs,135
lips,136
parted_lips,137
white_gloves,138
legs,139
horns,140
kimono,141
star,142
from_behind,143
twin_braids,144
aqua_hair,145
miniskirt,146
bunny_ears,147
on_back,148
scarf,149
side_ponytail,150
sleeveless,151
chibi,152
:o,153
wide_sleeves,154
multicolored_hair,155
cape,156
sidelocks,157
shiny,158
open_shirt,159
necklace,160
pantyshot,161
no_bra,162
closed_mouth,163
black_eyes,164
high_heels,165
no_panties,166
one-piece_swimsuit,167
bag,168
bracelet,169
outdoors,170
apron,171
black_gloves,172
wrist_cuffs,173
tongue_out,174
underboob,175
maid,176
wet,177
kneeling,178
petals,179
nail_polish,180
armor,181
uniform,182
gun,183
orange_hair,184
eyebrows,185
cat_tail,186
arms_up,187
collar,188
dutch_angle,189
cum,190
book,191
vest,192
kneehighs,193
cameltoe,194
two_side_up,195
plaid,196
torn_clothes,197
magical_girl,198
white_shirt,199
see-through,200
dated,201
hair_over_one_eye,202
sideboob,203
groin,204
headphones,205
ascot,206
loli,207
hand_on_hip,208
sash,209
dark_skin,210
striped_legwear,211
sweater,212
lingerie,213
topless,214
grin,215
cosplay,216
teeth,217
off_shoulder,218
tree,219
black_panties,220
thigh_boots,221
blunt_bangs,222
bodysuit,223
bottomless,224
shiny_skin,225
traditional_media,226
wariza,227
hood,228
fruit,229
bed,230
striped_panties,231
school_swimsuit,232
greyscale,233
scan,234
bowtie,235
grey_hair,236
leotard,237
arm_up,238
mouth_hold,239
maid_headdress,240
side-tie_bikini,241
skirt_lift,242
mole,243
commentary,244
face,245
umbrella,246
white_dress,247
underwear_only,248
pussy_juice,249
pillow,250
witch_hat,251
hair_tubes,252
undressing,253
chain,254
moon,255
orange_eyes,256
transparent_background,257
areolae,258
head_tilt,259
makeup,260
alternate_hairstyle,261
garter_straps,262
rose,263
bare_legs,264
eyelashes,265
capelet,266
leaning_forward,267
arm_support,268
bell,269
headgear,270
bat_wings,271
bdsm,272
thigh_gap,273
puffy_short_sleeves,274
turtleneck,275
glowing,276
plaid_skirt,277
shirt_lift,278
military,279
bound,280
from_side,281
drill_hair,282
gradient,283
cover,284
light_smile,285
skirt_set,286
pants,287
dress_shirt,288
black_skirt,289
symbol-shaped_pupils,290
pubic_hair,291
leaf,292
anus,293
arms_behind_back,294
sweatdrop,295
hat_ribbon,296
from_above,297
fox_ears,298
bondage,299
v,300
no_pants,301
double_bun,302
single_braid,303
night,304
fingernails,305
cup,306
on_side,307
sailor_collar,308
hair_bobbles,309
back,310
uncensored,311
indoors,312
black_dress,313
from_below,314
panty_pull,315
grey_background,316
blood,317
toes,318
gradient_background,319
tokin_hat,320
bent_over,321
holding_weapon,322
neckerchief,323
wind,324
short_shorts,325
cleavage_cutout,326
lipstick,327
wolf_ears,328
side-tie_panties,329
military_uniform,330
knee_boots,331
embarrassed,332
fox_tail,333
katana,334
outstretched_arms,335
stomach,336
obi,337
heterochromia,338
parody,339
red_ribbon,340
upskirt,341
sandals,342
blurry,343
gradient_hair,344
shadow,345
pink_panties,346
bike_shorts,347
bikini_top,348
eyepatch,349
window,350
crop_top,351
tattoo,352
covering,353
wallpaper,354
stuffed_toy,355
third_eye,356
sparkle,357
hands,358
monster_girl,359
beret,360
blue_skirt,361
cherry_blossoms,362
expressionless,363
chinese_clothes,364
skindentation,365
convenient_censoring,366
profile,367
:3,368
short_dress,369
tan,370
lace,371
red_bow,372
staff,373
headband,374
adapted_costume,375
grey_eyes,376
mob_cap,377
chair,378
blazer,379
blue_sky,380
strapless,381
crescent,382
detached_collar,383
bunnysuit,384
polearm,385
antenna_hair,386
foreshortening,387
coat,388
ocean,389
thigh_strap,390
crossed_legs,391
hoodie,392
squatting,393
bandages,394
stuffed_animal,395
beach,396
two-tone_hair,397
sleeves_past_wrists,398
bird,399
english,400
frown,401
polka_dot,402
checkered,403
saliva,404
mary_janes,405
wavy_hair,406
covered_navel,407
knife,408
mole_under_eye,409
sunlight,410
crossed_arms,411
bed_sheet,412
remodel_(kantai_collection),413
between_breasts,414
blush_stickers,415
blue_background,416
depth_of_field,417
instrument,418
looking_to_the_side,419
cover_page,420
buttons,421
suspenders,422
revision,423
blue_dress,424
collared_shirt,425
full_moon,426
blouse,427
long_legs,428
masturbation,429
fur_trim,430
all_fours,431
gauntlets,432
soles,433
front-tie_top,434
wet_clothes,435
mask,436
short_twintails,437
multiple_tails,438
breast_hold,439
eating,440
head_wings,441
cat,442
butterfly,443
skin_tight,444
pale_skin,445
oekaki,446
headset,447
letterboxed,448
demon_girl,449
bow_panties,450
cardigan,451
wavy_mouth,452
fan,453
cum_on_body,454
microphone,455
facial_mark,456
floral_print,457
looking_away,458
halterneck,459
:p,460
red_skirt,461
animal_print,462
strap_slip,463
on_stomach,464
feathers,465
panties_under_pantyhose,466
happy,467
fire,468
backpack,469
denim,470
pink_background,471
card_(medium),472
christmas,473
nature,474
ass_visible_through_thighs,475
outstretched_arm,476
personification,477
leg_up,478
looking_up,479
red_dress,480
towel,481
broom,482
fangs,483
heart-shaped_pupils,484
corset,485
machinery,486
crown,487
text,488
loafers,489
casual,490
:<,491
mosaic_censoring,492
cross,493
slit_pupils,494
looking_down,495
hand_on_own_chest,496
santa_costume,497
pink_bow,498
floating_hair,499
lolita_fashion,500
wolf_tail,501
tiara,502
highleg,503
bare_arms,504
sheath,505
tanline,506
kemonomimi_mode,507
dress_lift,508
ribbon_trim,509
elf,510
frilled_skirt,511
white_bikini,512
sleeveless_dress,513
plant,514
tank_top,515
wide_hips,516
handgun,517
micro_bikini,518
bottle,519
brooch,520
genderswap,521
on_bed,522
dual_wielding,523
;d,524
no_shoes,525
garter_belt,526
china_dress,527
armband,528
pointing,529
no_headwear,530
santa_hat,531
bespectacled,532
phone,533
tsurime,534
v_arms,535
tareme,536
rope,537
zoom_layer,538
low_twintails,539
buruma,540
black_ribbon,541
finger_to_mouth,542
naughty_face,543
snow,544
puffy_nipples,545
goggles,546
hat_bow,547
cum_on_upper_body,548
genderswap_(mtf),549
gym_uniform,550
twin_drills,551
shinkaisei-kan,552
no_hat,553
ring,554
bridal_gauntlets,555
lavender_hair,556
animal,557
sleeveless_shirt,558
parted_bangs,559
curvy,560
spread_pussy,561
rifle,562
breasts_outside,563
standing_on_one_leg,564
snake,565
glowing_eyes,566
new_year,567
scrunchie,568
fishnets,569
pendant,570
bunny_tail,571
tentacles,572
frilled_dress,573
black_wings,574
helmet,575
ribbed_sweater,576
star_(sky),577
wristband,578
multicolored,579
grass,580
hair_bun,581
single_thighhigh,582
revealing_clothes,583
pantyshot_(sitting),584
^_^,585
cum_in_pussy,586
musical_note,587
thick_thighs,588
scar,589
impossible_clothes,590
neck_ribbon,591
thong,592
turret,593
cellphone,594
cuffs,595
swept_bangs,596
hand_up,597
bob_cut,598
shiny_hair,599
long_fingernails,600
jingle_bell,601
close-up,602
red-framed_eyewear,603
sweater_vest,604
ground_vehicle,605
open_jacket,606
veil,607
cross-laced_footwear,608
miko,609
brown_legwear,610
areola_slip,611
trembling,612
lens_flare,613
curtains,614
child,615
fake_animal_ears,616
gift,617
side_slit,618
candy,619
black_bikini,620
nose_blush,621
black_bra,622
vertical_stripes,623
wading,624
popsicle,625
hakama,626
bow_(weapon),627
meme_attire,628
bloomers,629
cum_on_breasts,630
black_boots,631
swimsuit_under_clothes,632
outstretched_hand,633
juliet_sleeves,634
hips,635
hitodama,636
strapless_dress,637
after_sex,638
night_sky,639
one_side_up,640
breath,641
red_necktie,642
headwear_removed,643
lowleg,644
covering_breasts,645
portrait,646
paw_pose,647
dog_ears,648
plump,649
arms_behind_head,650
peaked_cap,651
semi-rimless_glasses,652
camisole,653
clothes_writing,654
thighband_pantyhose,655
screencap,656
skull,657
nontraditional_miko,658
armlet,659
fish,660
facial,661
penis,662
adjusting_hair,663
low-tied_long_hair,664
between_legs,665
partially_submerged,666
forest,667
flying_sweatdrops,668
mecha_musume,669
nose,670
photo,671
hair_over_shoulder,672
pencil_skirt,673
angry,674
hair_intakes,675
ice,676
half_updo,677
duplicate,678
older,679
geta,680
ofuda,681
box,682
dakimakura,683
alcohol,684
legs_up,685
halloween,686
frog,687
sailor_dress,688
gem,689
frilled_sleeves,690
colored_eyelashes,691
butt_crack,692
vibrator,693
hair_flaps,694
table,695
gothic_lolita,696
ribbon-trimmed_sleeves,697
tress_ribbon,698
sleeping,699
gohei,700
horn,701
blue_panties,702
contrapposto,703
upside-down,704
ghost,705
demon_tail,706
anklet,707
striped_bikini,708
t-shirt,709
rain,710
peach,711
untied,712
hairpin,713
sarashi,714
nipple_slip,715
bandaid,716
denim_shorts,717
light_particles,718
mole_under_mouth,719
speech_bubble,720
crying,721
messy_hair,722
seiza,723
innertube,724
reflection,725
doll,726
sunset,727
border,728
blue,729
school_bag,730
unzipped,731
shawl,732
red_legwear,733
breasts_apart,734
happy_birthday,735
couch,736
arm_behind_back,737
crotch_seam,738
hands_on_hips,739
starry_sky,740
underwater,741
doujin_cover,742
kita_high_school_uniform,743
bubble,744
piercing,745
center_opening,746
valentine,747
shiny_clothes,748
spear,749
holding_sword,750
ball,751
spread_arms,752
pink_dress,753
eyeball,754
sundress,755
single_glove,756
zipper,757
high_ponytail,758
claws,759
x_hair_ornament,760
taut_clothes,761
wind_lift,762
angel_wings,763
magic_circle,764
jumping,765
spot_color,766
black_background,767
hat_removed,768
sneakers,769
clenched_hand,770
building,771
cloudy_sky,772
pom_pom_(clothes),773
motor_vehicle,774
unbuttoned,775
arm_warmers,776
condom,777
waist_apron,778
blue_legwear,779
desk,780
curly_hair,781
teddy_bear,782
bunny,783
steam,784
string_bikini,785
flying,786
shield,787
green_skirt,788
hime_cut,789
realistic,790
chocolate,791
tray,792
black_shoes,793
yukata,794
partially_visible_vulva,795
white_skirt,796
folding_fan,797
anchor,798
sleeves_rolled_up,799
sexually_suggestive,800
pelvic_curtain,801
frog_hair_ornament,802
buckle,803
breast_squeeze,804
abs,805
pose,806
argyle,807
cannon,808
younger,809
knees_together_feet_apart,810
pajamas,811
smirk,812
wand,813
contemporary,814
waitress,815
yellow_background,816
competition_swimsuit,817
teacup,818
track_jacket,819
tabard,820
marker_(medium),821
strawberry,822
:q,823
light_rays,824
cumdrip,825
circlet,826
colored,827
under-rim_glasses,828
armored_dress,829
bad_anatomy,830
scenery,831
scythe,832
pantyshot_(standing),833
pistol,834
bun_cover,835
plugsuit,836
side_braid,837
backlighting,838
guitar,839
legs_apart,840
white_bra,841
high_heel_boots,842
snowing,843
demon_wings,844
sunflower,845
serious,846
long_skirt,847
leg_hug,848
panties_around_one_leg,849
paws,850
alternate_color,851
cake,852
covering_crotch,853
yokozuwari,854
crystal,855
object_insertion,856
hand_between_legs,857
adjusting_clothes,858
purple_dress,859
eyes,860
garters,861
asymmetrical_wings,862
hands_together,863
clenched_hands,864
white_skin,865
top_hat,866
formal,867
;),868
folded_ponytail,869
bunny_girl,870
black_bow,871
surprised,872
red_gloves,873
mature,874
pink_legwear,875
bell_collar,876
shaded_face,877
torn_pantyhose,878
borrowed_character,879
sheathed,880
purple_background,881
headdress,882
minigirl,883
purple_legwear,884
vaginal,885
lollipop,886
light_brown_hair,887
key,888
front_ponytail,889
leg_lift,890
mini_hat,891
mouse_ears,892
clitoris,893
red_background,894
arched_back,895
hair_down,896
goggles_on_head,897
tabi,898
thick_eyebrows,899
blue_bikini,900
blue_ribbon,901
muscle,902
drooling,903
jack-o'-lantern,904
blue_bow,905
pink_bra,906
arrow,907
epaulettes,908
snowflakes,909
strap_gap,910
restrained,911
wedding_dress,912
2016,913
eyes_visible_through_hair,914
breast_press,915
photoshop,916
sunglasses,917
smoke,918
dildo,919
white_swimsuit,920
clock,921
hand_in_hair,922
bouquet,923
magic,924
apple,925
anal,926
hair_rings,927
card,928
hair_censor,929
succubus,930
bowl,931
sun_hat,932
heart_of_string,933
fighting_stance,934
holding_gun,935
empty_eyes,936
triangular_headpiece,937
leash,938
string,939
doujinshi,940
dog_tail,941
mittens,942
red_nails,943
salute,944
lineart,945
alternate_hair_length,946
green_background,947
sack,948
arm_cannon,949
+_+,950
full-face_blush,951
witch,952
watch,953
half-closed_eyes,954
oriental_umbrella,955
torpedo,956
bare_back,957
sun,958
yellow_bow,959
aircraft,960
2015,961
parasol,962
?,963
pocky,964
cropped_legs,965
>:),966
top-down_bottom-up,967
antennae,968
pink_lips,969
hanging_breasts,970
bar_censor,971
nurse,972
kneepits,973
crescent_hair_ornament,974
black_serafuku,975
lowleg_panties,976
stairs,977
purple_skirt,978
dark,979
frilled_bikini,980
pauldrons,981
jeans,982
clenched_teeth,983
legs_together,984
arm_at_side,985
red_hakama,986
image_sample,987
toned,988
lace-trimmed_panties,989
wince,990
gag,991
plate,992
pumpkin,993
print_legwear,994
naked_shirt,995
naked_apron,996
index_finger_raised,997
eyeshadow,998
silver_eyes,999
